Datetime,Water Level (m)
2025-05-13 00:00:00,-5.101
2025-05-13 01:00:00,-5.101
2025-05-13 02:00:00,-5.101
2025-05-13 03:00:00,-5.101
2025-05-13 04:00:00,-5.101
2025-05-13 05:00:00,-5.101
2025-05-13 06:00:00,-5.101
2025-05-13 07:00:00,-5.101
2025-05-13 08:00:00,-5.101
2025-05-13 09:00:00,-5.101
2025-05-13 10:00:00,-5.101
2025-05-13 11:00:00,-5.101
2025-05-13 12:00:00,-5.101
2025-05-13 13:00:00,-5.101
2025-05-13 14:00:00,-5.101
2025-05-13 15:00:00,-5.101
2025-05-13 16:00:00,-5.101
2025-05-13 17:00:00,-5.101
2025-05-13 18:00:00,-5.101
2025-05-13 19:00:00,-5.101
2025-05-13 20:00:00,0.12805063
2025-05-13 21:00:00,0.1284446
2025-05-13 22:00:00,0.12787248
2025-05-13 23:00:00,0.13567449
2025-05-14 00:00:00,0.14100085
2025-05-14 01:00:00,0.15242863
2025-05-14 02:00:00,0.15985447
2025-05-14 03:00:00,0.16229077
2025-05-14 04:00:00,0.1678723
2025-05-14 05:00:00,0.17220522
2025-05-14 06:00:00,0.17721401
2025-05-14 07:00:00,0.1832521
2025-05-14 08:00:00,0.18805921
2025-05-14 09:00:00,0.19291371
2025-05-14 10:00:00,0.20267689
2025-05-14 11:00:00,0.22037132
2025-05-14 12:00:00,0.22163886
2025-05-14 13:00:00,0.22225861
2025-05-14 14:00:00,0.22854415
2025-05-14 15:00:00,0.2369747
2025-05-14 16:00:00,0.24031714
2025-05-14 17:00:00,0.24147938
2025-05-14 18:00:00,0.24289218
2025-05-14 19:00:00,0.24471372
2025-05-14 20:00:00,0.24820875
2025-05-14 21:00:00,0.26374042
2025-05-14 22:00:00,0.27664322
2025-05-14 23:00:00,0.28747737
2025-05-15 00:00:00,0.2971387
2025-05-15 01:00:00,0.30859023
2025-05-15 02:00:00,0.321374
2025-05-15 03:00:00,0.33177534
2025-05-15 04:00:00,0.33969864
2025-05-15 05:00:00,0.34716278
2025-05-15 06:00:00,0.35473308
2025-05-15 07:00:00,0.36176884
2025-05-15 08:00:00,0.36832884
2025-05-15 09:00:00,0.37489963
2025-05-15 10:00:00,0.38237476
2025-05-15 11:00:00,0.39165217
2025-05-15 12:00:00,0.40228873
2025-05-15 13:00:00,0.40821737
2025-05-15 14:00:00,0.4088754
2025-05-15 15:00:00,0.41241658
2025-05-15 16:00:00,0.41983765
2025-05-15 17:00:00,0.425689
2025-05-15 18:00:00,0.42929676
2025-05-15 19:00:00,0.43328667
2025-05-15 20:00:00,0.43865505
2025-05-15 21:00:00,0.44327316
2025-05-15 22:00:00,0.44701293
2025-05-15 23:00:00,0.4509696
2025-05-16 00:00:00,0.45569426
2025-05-16 01:00:00,0.4614771
2025-05-16 02:00:00,0.46756268
2025-05-16 03:00:00,0.47321838
2025-05-16 04:00:00,0.47879374
2025-05-16 05:00:00,0.48421773
2025-05-16 06:00:00,0.48955286
2025-05-16 07:00:00,0.49460864
2025-05-16 08:00:00,0.50035435
2025-05-16 09:00:00,0.5054831
2025-05-16 10:00:00,0.50722504
2025-05-16 11:00:00,0.51068
2025-05-16 12:00:00,0.5132399
2025-05-16 13:00:00,0.5152752
2025-05-16 14:00:00,0.5213184
2025-05-16 15:00:00,0.5262464
2025-05-16 16:00:00,0.5294951
2025-05-16 17:00:00,0.5321531
2025-05-16 18:00:00,0.5349851
2025-05-16 19:00:00,0.5377968
2025-05-16 20:00:00,0.54133147
2025-05-16 21:00:00,0.54383534
2025-05-16 22:00:00,0.5453872
2025-05-16 23:00:00,0.54774666
2025-05-17 00:00:00,0.5509605
2025-05-17 01:00:00,0.5548682
2025-05-17 02:00:00,0.55942905
2025-05-17 03:00:00,0.56369907
2025-05-17 04:00:00,0.56761956
2025-05-17 05:00:00,0.5712211
2025-05-17 06:00:00,0.5746577
2025-05-17 07:00:00,0.5778756
2025-05-17 08:00:00,0.5811347
2025-05-17 09:00:00,0.58371264
2025-05-17 10:00:00,0.58495706
2025-05-17 11:00:00,0.5882944
2025-05-17 12:00:00,0.59624857
2025-05-17 13:00:00,0.6068033
2025-05-17 14:00:00,0.61555654
2025-05-17 15:00:00,0.61222005
2025-05-17 16:00:00,0.6126277
2025-05-17 17:00:00,0.61530465
2025-05-17 18:00:00,0.6172692
2025-05-17 19:00:00,0.6196125
2025-05-17 20:00:00,0.6203064
2025-05-17 21:00:00,0.62252516
2025-05-17 22:00:00,0.62439436
2025-05-17 23:00:00,0.62613195
2025-05-18 00:00:00,0.6285185
2025-05-18 01:00:00,0.63101906
2025-05-18 02:00:00,0.6336591
2025-05-18 03:00:00,0.63707405
2025-05-18 04:00:00,0.6408122
2025-05-18 05:00:00,0.64465654
2025-05-18 06:00:00,0.6488284
2025-05-18 07:00:00,0.65343076
2025-05-18 08:00:00,0.6569248
2025-05-18 09:00:00,0.658594
2025-05-18 10:00:00,0.66385436
2025-05-18 11:00:00,0.6680841
2025-05-18 12:00:00,0.66701084
2025-05-18 13:00:00,0.67173284
2025-05-18 14:00:00,0.67974
2025-05-18 15:00:00,0.6808242
2025-05-18 16:00:00,0.68148476
2025-05-18 17:00:00,0.6796731
2025-05-18 18:00:00,0.6755462
2025-05-18 19:00:00,0.67283446
2025-05-18 20:00:00,0.67356014
2025-05-18 21:00:00,0.6751892
2025-05-18 22:00:00,0.67708117
2025-05-18 23:00:00,0.6788465
2025-05-19 00:00:00,0.68164915
